,date,call_count
0,2023-01-01,15
1,2023-01-02,34
2,2023-01-03,231
3,2023-01-04,220
4,2023-01-05,146
5,2023-01-06,154
6,2023-01-07,60
7,2023-01-08,24
8,2023-01-09,215
9,2023-01-10,233
10,2023-01-11,210
11,2023-01-12,181
12,2023-01-13,146
13,2023-01-14,44
14,2023-01-15,13
15,2023-01-16,163
16,2023-01-17,172
17,2023-01-18,163
18,2023-01-19,167
19,2023-01-20,116
20,2023-01-21,22
21,2023-01-22,17
22,2023-01-23,205
23,2023-01-24,149
24,2023-01-25,150
25,2023-01-26,199
26,2023-01-27,103
27,2023-01-28,12
28,2023-01-29,3
29,2023-01-30,164
30,2023-01-31,244
31,2023-02-01,265
32,2023-02-02,254
33,2023-02-03,297
34,2023-02-04,12
35,2023-02-05,24
36,2023-02-06,379
37,2023-02-07,299
38,2023-02-08,368
39,2023-02-09,296
40,2023-02-10,204
41,2023-02-11,34
42,2023-02-12,7
43,2023-02-13,351
44,2023-02-14,266
45,2023-02-15,356
46,2023-02-16,304
47,2023-02-17,301
48,2023-02-18,19
49,2023-02-19,21
50,2023-02-20,273
51,2023-02-21,321
52,2023-02-22,408
53,2023-02-23,408
54,2023-02-24,404
55,2023-02-25,18
56,2023-02-26,8
57,2023-02-27,363
58,2023-02-28,434
59,2023-03-01,284
60,2023-03-02,262
61,2023-03-03,359
62,2023-03-04,21
63,2023-03-05,8
64,2023-03-06,371
65,2023-03-07,382
66,2023-03-08,451
67,2023-03-09,362
68,2023-03-10,364
69,2023-03-11,6
70,2023-03-12,2
71,2023-03-13,444
72,2023-03-14,393
73,2023-03-15,484
74,2023-03-16,523
75,2023-03-17,465
76,2023-03-18,71
77,2023-03-19,21
78,2023-03-20,693
79,2023-03-21,511
80,2023-03-22,571
81,2023-03-23,588
82,2023-03-24,431
83,2023-03-25,81
84,2023-03-26,4
85,2023-03-27,519
86,2023-03-28,651
87,2023-03-29,599
88,2023-03-30,524
89,2023-03-31,376
90,2023-04-01,39
91,2023-04-02,15
92,2023-04-03,541
93,2023-04-04,499
94,2023-04-05,529
95,2023-04-06,467
96,2023-04-07,339
97,2023-04-08,160
98,2023-04-09,12
99,2023-04-10,445
100,2023-04-11,499
101,2023-04-12,549
102,2023-04-13,461
103,2023-04-14,530
104,2023-04-15,43
105,2023-04-16,10
106,2023-04-17,462
107,2023-04-18,539
108,2023-04-19,528
109,2023-04-20,473
110,2023-04-21,414
111,2023-04-22,56
112,2023-04-23,3
113,2023-04-24,517
114,2023-04-25,628
115,2023-04-26,593
116,2023-04-27,586
117,2023-04-28,534
118,2023-04-29,48
119,2023-04-30,5
120,2023-05-01,370
121,2023-05-02,634
122,2023-05-03,540
123,2023-05-04,580
124,2023-05-05,463
125,2023-05-06,56
126,2023-05-07,29
127,2023-05-08,438
128,2023-05-09,426
129,2023-05-10,442
130,2023-05-11,467
131,2023-05-12,348
132,2023-05-13,18
133,2023-05-14,6
134,2023-05-15,342
135,2023-05-16,453
136,2023-05-17,321
137,2023-05-18,278
138,2023-05-19,231
139,2023-05-20,11
140,2023-05-21,19
141,2023-05-22,406
142,2023-05-23,463
143,2023-05-24,292
144,2023-05-25,438
145,2023-05-26,312
146,2023-05-27,14
147,2023-05-28,1
148,2023-05-29,198
149,2023-05-30,437
150,2023-05-31,514
151,2023-06-01,381
152,2023-06-02,365
153,2023-06-03,64
154,2023-06-04,8
155,2023-06-05,414
156,2023-06-06,478
157,2023-06-07,363
158,2023-06-08,448
159,2023-06-09,455
160,2023-06-10,83
161,2023-06-11,19
162,2023-06-12,476
163,2023-06-13,463
164,2023-06-14,331
165,2023-06-15,368
166,2023-06-16,463
167,2023-06-17,30
168,2023-06-18,13
169,2023-06-19,276
170,2023-06-20,451
171,2023-06-21,411
172,2023-06-22,376
173,2023-06-23,367
174,2023-06-24,62
175,2023-06-25,3
176,2023-06-26,346
177,2023-06-27,289
178,2023-06-28,444
179,2023-06-29,223
180,2023-06-30,275
181,2023-07-01,9
182,2023-07-02,3
183,2023-07-03,398
184,2023-07-04,8
185,2023-07-05,356
186,2023-07-06,351
187,2023-07-07,232
188,2023-07-08,9
189,2023-07-09,12
190,2023-07-10,264
191,2023-07-11,306
192,2023-07-12,245
193,2023-07-13,274
194,2023-07-14,204
195,2023-07-15,12
196,2023-07-16,34
197,2023-07-17,319
198,2023-07-18,203
199,2023-07-19,314
200,2023-07-20,319
201,2023-07-21,245
202,2023-07-22,18
203,2023-07-23,10
204,2023-07-24,264
205,2023-07-25,212
206,2023-07-26,213
207,2023-07-27,168
208,2023-07-28,227
209,2023-07-29,15
210,2023-07-30,24
211,2023-07-31,283
212,2023-08-01,329
213,2023-08-02,331
214,2023-08-03,413
215,2023-08-04,402
216,2023-08-05,104
217,2023-08-06,26
218,2023-08-07,576
219,2023-08-08,791
220,2023-08-09,784
221,2023-08-10,779
222,2023-08-11,703
223,2023-08-12,118
224,2023-08-13,16
225,2023-08-14,659
226,2023-08-15,747
227,2023-08-16,744
228,2023-08-17,732
229,2023-08-18,669
230,2023-08-19,88
231,2023-08-20,16
232,2023-08-21,796
233,2023-08-22,726
234,2023-08-23,892
235,2023-08-24,559
236,2023-08-25,506
237,2023-08-26,39
238,2023-08-27,13
239,2023-08-28,855
240,2023-08-29,887
241,2023-08-30,867
242,2023-08-31,709
243,2023-09-01,733
244,2023-09-02,48
245,2023-09-03,5
246,2023-09-04,197
247,2023-09-05,675
248,2023-09-06,869
249,2023-09-07,723
250,2023-09-08,768
251,2023-09-09,113
252,2023-09-10,49
253,2023-09-11,727
254,2023-09-12,778
255,2023-09-13,796
256,2023-09-14,759
257,2023-09-15,715
258,2023-09-16,97
259,2023-09-17,27
260,2023-09-18,582
261,2023-09-19,544
262,2023-09-20,571
263,2023-09-21,545
264,2023-09-22,481
265,2023-09-23,48
266,2023-09-24,30
267,2023-09-25,614
268,2023-09-26,518
269,2023-09-27,565
270,2023-09-28,454
271,2023-09-29,528
272,2023-09-30,55
273,2023-10-01,10
274,2023-10-02,467
275,2023-10-03,451
276,2023-10-04,489
277,2023-10-05,431
278,2023-10-06,504
279,2023-10-07,76
280,2023-10-08,131
281,2023-10-09,458
282,2023-10-10,479
283,2023-10-11,512
284,2023-10-12,491
285,2023-10-13,405
286,2023-10-14,155
287,2023-10-15,70
288,2023-10-16,564
289,2023-10-17,498
290,2023-10-18,437
291,2023-10-19,401
292,2023-10-20,352
293,2023-10-21,45
294,2023-10-22,40
295,2023-10-23,457
296,2023-10-24,628
297,2023-10-25,546
298,2023-10-26,523
299,2023-10-27,401
300,2023-10-28,49
301,2023-10-29,7
302,2023-10-30,515
303,2023-10-31,539
304,2023-11-01,626
305,2023-11-02,616
306,2023-11-03,350
307,2023-11-04,80
308,2023-11-05,104
309,2023-11-06,706
310,2023-11-07,618
311,2023-11-08,653
312,2023-11-09,550
313,2023-11-10,505
314,2023-11-11,84
315,2023-11-12,41
316,2023-11-13,840
317,2023-11-14,705
318,2023-11-15,605
319,2023-11-16,610
320,2023-11-17,503
321,2023-11-18,19
322,2023-11-19,78
323,2023-11-20,605
324,2023-11-21,627
325,2023-11-22,557
326,2023-11-23,95
327,2023-11-24,248
328,2023-11-25,49
329,2023-11-26,19
330,2023-11-27,643
331,2023-11-28,635
332,2023-11-29,641
333,2023-11-30,598
334,2023-12-01,608
335,2023-12-02,73
336,2023-12-03,78
337,2023-12-04,823
338,2023-12-05,724
339,2023-12-06,688
340,2023-12-07,457
341,2023-12-08,528
342,2023-12-09,148
343,2023-12-10,16
344,2023-12-11,482
345,2023-12-12,549
346,2023-12-13,578
347,2023-12-14,530
348,2023-12-15,359
349,2023-12-16,126
350,2023-12-17,17
351,2023-12-18,426
352,2023-12-19,460
353,2023-12-20,429
354,2023-12-21,433
355,2023-12-22,308
356,2023-12-23,45
357,2023-12-24,2
358,2023-12-25,2
359,2023-12-26,373
360,2023-12-27,305
361,2023-12-28,351
362,2023-12-29,132
363,2023-12-30,6
364,2024-01-02,239
365,2024-01-03,294
366,2024-01-04,304
367,2024-01-05,209
368,2024-01-06,109
369,2024-01-07,22
370,2024-01-08,525
371,2024-01-09,451
372,2024-01-10,445
373,2024-01-11,525
374,2024-01-12,440
375,2024-01-13,48
376,2024-01-14,20
377,2024-01-15,517
378,2024-01-16,428
379,2024-01-17,531
380,2024-01-18,400
381,2024-01-19,483
382,2024-01-20,131
383,2024-01-21,69
384,2024-01-22,593
385,2024-01-23,558
386,2024-01-24,486
387,2024-01-25,533
388,2024-01-26,512
389,2024-01-27,90
390,2024-01-28,35
391,2024-01-29,653
392,2024-01-30,623
393,2024-01-31,592
394,2024-02-01,601
395,2024-02-02,508
396,2024-02-03,67
397,2024-02-04,34
398,2024-02-05,528
399,2024-02-06,497
400,2024-02-07,519
401,2024-02-08,554
402,2024-02-09,506
403,2024-02-10,68
404,2024-02-11,62
405,2024-02-12,595
406,2024-02-13,592
407,2024-02-14,507
408,2024-02-15,567
409,2024-02-16,397
410,2024-02-17,49
411,2024-02-18,87
412,2024-02-19,560
413,2024-02-20,550
414,2024-02-21,378
415,2024-02-22,496
416,2024-02-23,492
417,2024-02-24,39
418,2024-02-25,15
419,2024-02-26,423
420,2024-02-27,424
421,2024-02-28,382
422,2024-02-29,381
423,2024-03-01,514
424,2024-03-02,73
425,2024-03-03,9
426,2024-03-04,506
427,2024-03-05,582
428,2024-03-06,484
429,2024-03-07,559
430,2024-03-08,307
431,2024-03-09,102
432,2024-03-10,26
433,2024-03-11,519
434,2024-03-12,521
435,2024-03-13,508
436,2024-03-14,461
437,2024-03-15,645
438,2024-03-16,122
439,2024-03-17,99
440,2024-03-18,452
441,2024-03-19,666
442,2024-03-20,457
443,2024-03-21,483
444,2024-03-22,558
445,2024-03-23,25
446,2024-03-24,79
447,2024-03-25,562
448,2024-03-26,535
449,2024-03-27,428
450,2024-03-28,289
451,2024-03-29,237
452,2024-03-30,96
453,2024-03-31,93
454,2024-04-01,425
455,2024-04-02,646
456,2024-04-03,615
457,2024-04-04,534
458,2024-04-05,415
459,2024-04-06,77
460,2024-04-07,41
461,2024-04-08,454
462,2024-04-09,521
463,2024-04-10,492
464,2024-04-11,536
465,2024-04-12,365
466,2024-04-13,22
467,2024-04-14,36
468,2024-04-15,392
469,2024-04-16,407
470,2024-04-17,435
471,2024-04-18,515
472,2024-04-19,583
473,2024-04-20,218
474,2024-04-21,54
475,2024-04-22,659
476,2024-04-23,591
477,2024-04-24,549
478,2024-04-25,437
479,2024-04-26,495
480,2024-04-27,99
481,2024-04-28,72
482,2024-04-29,451
483,2024-04-30,472
484,2024-05-01,292
485,2024-05-02,359
486,2024-05-03,396
487,2024-05-04,109
488,2024-05-05,31
489,2024-05-06,520
490,2024-05-07,402
491,2024-05-08,323
492,2024-05-09,351
493,2024-05-10,326
494,2024-05-11,94
495,2024-05-12,39
496,2024-05-13,332
497,2024-05-14,480
498,2024-05-15,329
499,2024-05-16,337
500,2024-05-17,301
501,2024-05-18,112
502,2024-05-19,83
503,2024-05-20,476
504,2024-05-21,389
505,2024-05-22,420
506,2024-05-23,329
507,2024-05-24,347
508,2024-05-25,65
509,2024-05-26,19
510,2024-05-27,148
511,2024-05-28,332
512,2024-05-29,351
513,2024-05-30,409
514,2024-05-31,356
515,2024-06-01,48
516,2024-06-02,24
517,2024-06-03,375
518,2024-06-04,341
519,2024-06-05,338
520,2024-06-06,352
521,2024-06-07,335
522,2024-06-08,102
523,2024-06-09,56
524,2024-06-10,445
525,2024-06-11,408
526,2024-06-12,384
527,2024-06-13,294
528,2024-06-14,305
529,2024-06-15,79
530,2024-06-16,51
531,2024-06-17,412
532,2024-06-18,437
533,2024-06-19,341
534,2024-06-20,300
535,2024-06-21,340
536,2024-06-22,60
537,2024-06-23,51
538,2024-06-24,307
539,2024-06-25,289
540,2024-06-26,344
541,2024-06-27,356
542,2024-06-28,352
543,2024-06-29,113
544,2024-06-30,54
545,2024-07-01,353
546,2024-07-02,460
547,2024-07-03,376
548,2024-07-04,151
549,2024-07-05,369
550,2024-07-06,91
551,2024-07-07,42
552,2024-07-08,347
553,2024-07-09,395
554,2024-07-10,281
555,2024-07-11,403
556,2024-07-12,346
557,2024-07-13,187
558,2024-07-14,38
559,2024-07-15,415
560,2024-07-16,368
561,2024-07-17,407
562,2024-07-18,436
563,2024-07-19,269
564,2024-07-20,151
565,2024-07-21,151
566,2024-07-22,324
567,2024-07-23,323
568,2024-07-24,392
569,2024-07-25,254
570,2024-07-26,213
571,2024-07-27,105
572,2024-07-28,80
573,2024-07-29,337
574,2024-07-30,338
575,2024-07-31,301
576,2024-08-01,282
577,2024-08-02,266
578,2024-08-03,104
579,2024-08-04,44
580,2024-08-05,256
581,2024-08-06,418
582,2024-08-07,420
583,2024-08-08,313
584,2024-08-09,251
585,2024-08-10,136
586,2024-08-11,72
587,2024-08-12,319
588,2024-08-13,398
589,2024-08-14,291
590,2024-08-15,369
591,2024-08-16,296
592,2024-08-17,111
593,2024-08-18,92
594,2024-08-19,330
595,2024-08-20,270
596,2024-08-21,399
597,2024-08-22,228
598,2024-08-23,265
599,2024-08-24,108
600,2024-08-25,99
601,2024-08-26,265
602,2024-08-27,311
603,2024-08-28,272
604,2024-08-29,291
605,2024-08-30,246
606,2024-08-31,154
607,2024-09-01,99
608,2024-09-02,221
609,2024-09-03,280
610,2024-09-04,293
611,2024-09-05,297
612,2024-09-06,219
613,2024-09-07,74
614,2024-09-08,117
615,2024-09-09,374
616,2024-09-10,496
617,2024-09-11,442
618,2024-09-12,381
619,2024-09-13,320
620,2024-09-14,88
621,2024-09-15,77
622,2024-09-16,486
623,2024-09-17,367
624,2024-09-18,417
625,2024-09-19,381
626,2024-09-20,258
627,2024-09-21,38
628,2024-09-22,115
629,2024-09-23,358
630,2024-09-24,330
631,2024-09-25,299
632,2024-09-26,450
633,2024-09-27,296
634,2024-09-28,123
635,2024-09-29,62
636,2024-09-30,377
637,2024-10-01,416
638,2024-10-02,255
639,2024-10-03,338
640,2024-10-04,208
641,2024-10-05,115
642,2024-10-06,83
643,2024-10-07,246
644,2024-10-08,227
645,2024-10-09,364
646,2024-10-10,323
647,2024-10-11,305
648,2024-10-12,91
649,2024-10-13,88
650,2024-10-14,304
651,2024-10-15,405
652,2024-10-16,328
653,2024-10-17,391
654,2024-10-18,315
655,2024-10-19,170
656,2024-10-20,77
657,2024-10-21,326
658,2024-10-22,421
659,2024-10-23,422
660,2024-10-24,382
661,2024-10-25,305
662,2024-10-26,41
663,2024-10-27,64
664,2024-10-28,273
665,2024-10-29,392
666,2024-10-30,369
667,2024-10-31,354
668,2024-11-01,237
669,2024-11-02,46
670,2024-11-03,85
671,2024-11-04,484
672,2024-11-05,357
673,2024-11-06,400
674,2024-11-07,461
675,2024-11-08,282
676,2024-11-09,73
677,2024-11-10,61
678,2024-11-11,269
679,2024-11-12,388
680,2024-11-13,317
681,2024-11-14,390
682,2024-11-15,405
683,2024-11-16,100
684,2024-11-17,77
685,2024-11-18,473
686,2024-11-19,496
687,2024-11-20,416
688,2024-11-21,506
689,2024-11-22,320
690,2024-11-23,102
691,2024-11-24,71
692,2024-11-25,556
693,2024-11-26,567
694,2024-11-27,460
695,2024-11-28,85
696,2024-11-29,96
697,2024-11-30,69
698,2024-12-01,202
699,2024-12-02,532
700,2024-12-03,612
701,2024-12-04,586
702,2024-12-05,500
703,2024-12-06,384
704,2024-12-07,29
705,2024-12-08,149
706,2024-12-09,467
707,2024-12-10,409
708,2024-12-11,451
709,2024-12-12,478
710,2024-12-13,340
711,2024-12-14,62
712,2024-12-15,119
713,2024-12-16,459
714,2024-12-17,564
715,2024-12-18,400
716,2024-12-19,482
717,2024-12-20,345
718,2024-12-21,33
719,2024-12-22,2
720,2024-12-23,55
721,2024-12-24,26
722,2024-12-25,1
723,2024-12-26,45
724,2024-12-27,18
725,2024-12-28,2
726,2024-12-29,101
727,2024-12-30,309
728,2024-12-31,319
729,2025-01-01,47
730,2025-01-02,511
731,2025-01-03,340
732,2025-01-04,118
733,2025-01-05,89
734,2025-01-06,474
735,2025-01-07,474
736,2025-01-08,528
737,2025-01-09,528
738,2025-01-10,447
739,2025-01-11,44
740,2025-01-12,118
741,2025-01-13,412
742,2025-01-14,466
743,2025-01-15,529
744,2025-01-16,489
745,2025-01-17,347
746,2025-01-18,91
747,2025-01-19,15
748,2025-01-20,487
749,2025-01-21,551
750,2025-01-22,503
751,2025-01-23,530
752,2025-01-24,471
753,2025-01-25,40
754,2025-01-26,25
755,2025-01-27,388
756,2025-01-28,517
757,2025-01-29,511
758,2025-01-30,495
759,2025-01-31,411
760,2025-02-01,32
761,2025-02-02,14
762,2025-02-03,428
763,2025-02-04,461
764,2025-02-05,490
765,2025-02-06,537
766,2025-02-07,513
767,2025-02-08,21
768,2025-02-09,25
769,2025-02-10,407
770,2025-02-11,369
771,2025-02-12,511
772,2025-02-13,493
773,2025-02-14,288
774,2025-02-15,2
775,2025-02-16,3
776,2025-02-17,497
777,2025-02-18,515
778,2025-02-19,581
779,2025-02-20,446
780,2025-02-21,402
781,2025-02-22,35
782,2025-02-23,53
783,2025-02-24,398
784,2025-02-25,426
785,2025-02-26,381
786,2025-02-27,526
787,2025-02-28,536
788,2025-03-01,34
789,2025-03-02,20
790,2025-03-03,405
791,2025-03-04,242
792,2025-03-05,441
793,2025-03-06,490
794,2025-03-07,574
795,2025-03-08,76
796,2025-03-09,37
797,2025-03-10,528
798,2025-03-11,543
799,2025-03-12,571
800,2025-03-13,684
801,2025-03-14,621
802,2025-03-15,31
803,2025-03-16,17
804,2025-03-17,708
805,2025-03-18,570
806,2025-03-19,670
807,2025-03-20,565
808,2025-03-21,675
809,2025-03-22,50
810,2025-03-23,16
811,2025-03-24,500
812,2025-03-25,690
813,2025-03-26,746
814,2025-03-27,736
815,2025-03-28,759
816,2025-03-29,20
817,2025-03-30,10
818,2025-03-31,376
819,2025-04-01,499
820,2025-04-02,572
821,2025-04-03,606
822,2025-04-04,555
823,2025-04-05,15
824,2025-04-06,7
825,2025-04-07,641
826,2025-04-08,680
827,2025-04-09,604
828,2025-04-10,614
829,2025-04-11,507
830,2025-04-12,30
831,2025-04-13,21
832,2025-04-14,592
833,2025-04-15,782
834,2025-04-16,697
835,2025-04-17,556
836,2025-04-18,297
837,2025-04-19,13
838,2025-04-20,1
839,2025-04-21,693
840,2025-04-22,723
841,2025-04-23,758
842,2025-04-24,690
843,2025-04-25,682
844,2025-04-26,15
845,2025-04-27,3
846,2025-04-28,760
847,2025-04-29,766
848,2025-04-30,689
849,2025-05-01,621
850,2025-05-02,717
851,2025-05-03,14
852,2025-05-04,23
853,2025-05-05,773
854,2025-05-06,857
855,2025-05-07,622
856,2025-05-08,731
857,2025-05-09,667
858,2025-05-10,33
859,2025-05-11,26
860,2025-05-12,695
861,2025-05-13,831
862,2025-05-14,667
863,2025-05-15,698
864,2025-05-16,649
865,2025-05-17,16
866,2025-05-18,33
867,2025-05-19,703
868,2025-05-20,778
869,2025-05-21,679
870,2025-05-22,572
871,2025-05-23,638
872,2025-05-24,20
873,2025-05-25,3
874,2025-05-26,93
875,2025-05-27,620
876,2025-05-28,679
877,2025-05-29,669
878,2025-05-30,550
879,2025-05-31,29
880,2025-06-01,3
881,2025-06-02,458
882,2025-06-03,578
883,2025-06-04,692
884,2025-06-05,398
885,2025-06-06,392
886,2025-06-07,6
887,2025-06-08,1
888,2025-06-09,515
889,2025-06-10,566
890,2025-06-11,472
891,2025-06-12,470
892,2025-06-13,359
893,2025-06-14,5
894,2025-06-15,20
895,2025-06-16,491
896,2025-06-17,445
897,2025-06-18,493
898,2025-06-19,413
899,2025-06-20,332
900,2025-06-21,26
901,2025-06-22,9
902,2025-06-23,537
903,2025-06-24,559
904,2025-06-25,406
905,2025-06-26,487
906,2025-06-27,489
907,2025-06-28,25
908,2025-06-29,9
909,2025-06-30,501
910,2025-07-01,509
911,2025-07-02,571
912,2025-07-03,553
913,2025-07-04,52
914,2025-07-05,10
915,2025-07-06,5
916,2025-07-07,555
917,2025-07-08,684
918,2025-07-09,570
919,2025-07-10,604
920,2025-07-11,452
921,2025-07-12,45
922,2025-07-13,20
923,2025-07-14,738
924,2025-07-15,577
925,2025-07-16,591
926,2025-07-17,554
927,2025-07-18,450
928,2025-07-19,40
929,2025-07-20,13
930,2025-07-21,594
931,2025-07-22,905
932,2025-07-23,740
933,2025-07-24,724
934,2025-07-25,753
935,2025-07-26,28
936,2025-07-27,76
937,2025-07-28,798
938,2025-07-29,826
939,2025-07-30,856
940,2025-07-31,710
941,2025-08-01,767
942,2025-08-02,9
943,2025-08-03,96
944,2025-08-04,826
945,2025-08-05,756
946,2025-08-06,806
947,2025-08-07,841
948,2025-08-08,676
949,2025-08-09,44
950,2025-08-10,12
951,2025-08-11,748
952,2025-08-12,969
953,2025-08-13,797
954,2025-08-14,729
955,2025-08-15,738
956,2025-08-16,23
957,2025-08-17,10
958,2025-08-18,771
959,2025-08-19,783
960,2025-08-20,776
961,2025-08-21,722
962,2025-08-22,525
963,2025-08-23,11
964,2025-08-24,6
965,2025-08-25,833
966,2025-08-26,999
967,2025-08-27,886
968,2025-08-28,733
969,2025-08-29,498
970,2025-08-30,17
971,2025-08-31,3
972,2025-09-01,305
973,2025-09-02,717
974,2025-09-03,620
975,2025-09-04,625
976,2025-09-05,568
977,2025-09-06,7
978,2025-09-07,6
979,2025-09-08,893
980,2025-09-09,843
981,2025-09-10,638
982,2025-09-11,662
983,2025-09-12,615
984,2025-09-13,13
985,2025-09-14,9
986,2025-09-15,579
987,2025-09-16,568
988,2025-09-17,615
989,2025-09-18,707
990,2025-09-19,508
991,2025-09-20,6
992,2025-09-22,732
993,2025-09-23,843
994,2025-09-24,743
995,2025-09-25,698
996,2025-09-26,476
997,2025-09-27,7
998,2025-09-28,5
999,2025-09-29,574
1000,2025-09-30,656
1001,2025-10-01,567
1002,2025-10-02,663
1003,2025-10-03,627
1004,2025-10-04,28
1005,2025-10-05,97
1006,2025-10-06,767
1007,2025-10-07,766
1008,2025-10-08,753
1009,2025-10-09,710
1010,2025-10-10,645
1011,2025-10-11,25
1012,2025-10-12,1
1013,2025-10-13,731
1014,2025-10-14,833
1015,2025-10-15,630
1016,2025-10-16,564
1017,2025-10-17,779
1018,2025-10-18,39
1019,2025-10-19,50
1020,2025-10-20,680
1021,2025-10-21,836
1022,2025-10-22,742
1023,2025-10-23,767
1024,2025-10-24,806
1025,2025-10-25,178
1026,2025-10-26,80
1027,2025-10-27,810
1028,2025-10-28,913
1029,2025-10-29,828
1030,2025-10-30,761
1031,2025-10-31,679
1032,2025-11-01,31
1033,2025-11-02,18
1034,2025-11-03,765
1035,2025-11-04,746
1036,2025-11-05,792
1037,2025-11-06,675
1038,2025-11-07,575
1039,2025-11-08,83
1040,2025-11-09,19
1041,2025-11-10,708
1042,2025-11-11,693
1043,2025-11-12,706
1044,2025-11-13,605
1045,2025-11-14,580
1046,2025-11-15,34
1047,2025-11-16,7
1048,2025-11-17,599
1049,2025-11-18,594
1050,2025-11-19,611
1051,2025-11-20,738
1052,2025-11-21,677
1053,2025-11-22,55
1054,2025-11-23,13
1055,2025-11-24,817
1056,2025-11-25,832
1057,2025-11-26,754
1058,2025-11-27,14
1059,2025-11-28,333
1060,2025-11-29,16
1061,2025-11-30,38
1062,2025-12-01,827
1063,2025-12-02,771
1064,2025-12-03,833
1065,2025-12-04,813
1066,2025-12-05,824
1067,2025-12-06,31
1068,2025-12-07,39
1069,2025-12-08,832
1070,2025-12-09,778
1071,2025-12-10,835
1072,2025-12-11,801
1073,2025-12-12,834
1074,2025-12-13,54
1075,2025-12-14,7
1076,2025-12-15,793
1077,2025-12-16,858
1078,2025-12-17,747
1079,2025-12-18,653
1080,2025-12-19,561
1081,2025-12-20,44
1082,2025-12-21,17
1083,2025-12-22,425
1084,2025-12-23,463
1085,2025-12-24,158
1086,2025-12-25,3
1087,2025-12-26,67
1088,2025-12-27,31
1089,2025-12-28,42
1090,2025-12-29,512
1091,2025-12-30,571
1092,2025-12-31,265
1093,2026-01-01,10
1094,2026-01-02,280
1095,2026-01-03,5
1096,2026-01-04,2
1097,2026-01-05,817
1098,2026-01-06,766
1099,2026-01-07,701
1100,2026-01-08,674
1101,2026-01-09,681
1102,2026-01-10,68
1103,2026-01-11,41
1104,2026-01-12,890
1105,2026-01-13,856
1106,2026-01-14,909
1107,2026-01-15,853
1108,2026-01-16,898
1109,2026-01-17,114
1110,2026-01-18,8
1111,2026-01-19,778
1112,2026-01-20,901
1113,2026-01-21,910
1114,2026-01-22,796
1115,2026-01-23,862
1116,2026-01-24,44
1117,2026-01-25,8
1118,2026-01-26,740
1119,2026-01-27,895
1120,2026-01-28,930
1121,2026-01-29,872
1122,2026-01-30,930
1123,2026-01-31,61
